Date,Year,Month,HistAvgFlow,adjusted_historical
1921-10-01,1921,10,11.640000343322754,12.820272886445201
1921-11-01,1921,11,16.059999465942383,21.054399266217736
1921-12-01,1921,12,33.36000061035156,49.08903523619613
1922-01-01,1922,1,35.5099983215332,42.07953120336181
1922-02-01,1922,2,75.87000274658203,81.79612186856963
1922-03-01,1922,3,76.23999786376953,79.18124487694048
1922-04-01,1922,4,163.80999755859375,165.74565200609783
1922-05-01,1922,5,317.4100036621094,311.7097335276818
1922-06-01,1922,6,138.42999267578125,136.52523179095186
1922-07-01,1922,7,29.200000762939453,29.986463422004835
1922-08-01,1922,8,12.079999923706055,12.669484990800665
1922-09-01,1922,9,9.779999732971191,10.312822447789234
1922-10-01,1922,10,12.75,14.61476284751987
1922-11-01,1922,11,19.829999923706055,26.989609899311763
1922-12-01,1922,12,53.2400016784668,66.2930504669711
1923-01-01,1923,1,48.97999954223633,54.30038332581446
1923-02-01,1923,2,36.58000183105469,38.861400091383395
1923-03-01,1923,3,62.900001525878906,70.78830924115044
1923-04-01,1923,4,115.41000366210938,118.07388355149949
1923-05-01,1923,5,86.86000061035156,88.5595201702521
1923-06-01,1923,6,39.25,40.73852179302175
1923-07-01,1923,7,17.56999969482422,18.040067948986806
1923-08-01,1923,8,8.949999809265137,9.347268892603235
1923-09-01,1923,9,7.099999904632568,7.466970148306156
1923-10-01,1923,10,6.940000057220459,7.3839489556429685
1923-11-01,1923,11,7.749999999999999,8.117739203147293
1923-12-01,1923,12,8.470000267028809,8.822687269164417
1924-01-01,1924,1,11.380000114440918,18.248706092793643
1924-02-01,1924,2,31.8799991607666,34.76120947614218
1924-03-01,1924,3,14.539999961853027,17.238873773234314
1924-04-01,1924,4,23.829999923706055,25.97308318267634
1924-05-01,1924,5,14.260000228881836,14.852999373909778
1924-06-01,1924,6,8.520000457763672,8.952151109729872
1924-07-01,1924,7,7.820000171661377,8.285259345056353
1924-08-01,1924,8,5.889999866485596,6.280371394639028
1924-09-01,1924,9,3.109999895095825,3.308577979949093
1924-10-01,1924,10,9.960000038146973,10.643661710263531
1924-11-01,1924,11,21.469999313354492,28.58094618780264
1924-12-01,1924,12,22.510000228881836,36.1683337369243
1925-01-01,1925,1,25.219999313354492,27.7772043170065
1925-02-01,1925,2,120.98000335693361,130.6917866043009
1925-03-01,1925,3,69.68000030517578,73.91744856967155
1925-04-01,1925,4,99.08000183105469,102.12359540573011
1925-05-01,1925,5,78.80999755859375,79.66933643253664
1925-06-01,1925,6,32.790000915527344,33.497879937350476
1925-07-01,1925,7,17.239999771118164,17.759439678691507
1925-08-01,1925,8,10.5600004196167,11.123648466667495
1925-09-01,1925,9,7.730000019073486,8.188821749660889
1925-10-01,1925,10,11.84000015258789,13.2475457128881
1925-11-01,1925,11,17.690000534057617,24.560456121918754
1925-12-01,1925,12,22.459999084472656,36.083050099597806
1926-01-01,1926,1,25.579999923706055,27.71495149175722
1926-02-01,1926,2,101.77999877929688,108.40215532218143
1926-03-01,1926,3,72.91999816894531,76.71621578224587
1926-04-01,1926,4,159.72000122070312,161.97815018980475
1926-05-01,1926,5,62.029998779296875,62.97747199351121
1926-06-01,1926,6,24.84000015258789,25.638575454883785
1926-07-01,1926,7,13.199999809265137,13.838940198894582
1926-08-01,1926,8,8.550000190734863,9.065512831727599
1926-09-01,1926,9,7.409999847412109,7.948455335827185
1926-10-01,1926,10,11.829999923706055,13.22482922057924
1926-11-01,1926,11,75.29000091552734,128.2719217861652
1926-12-01,1926,12,54.13999938964844,66.64809565568653
1927-01-01,1927,1,66.44999694824219,72.56554984885888
1927-02-01,1927,2,239.02000427246094,244.56093668573064
1927-03-01,1927,3,159.66000366210938,166.84200704945292
1927-04-01,1927,4,191.5399932861328,191.6473677834123
1927-05-01,1927,5,152.5800018310547,150.84393851724693
1927-06-01,1927,6,67.66999816894531,68.08755530715017
1927-07-01,1927,7,21.219999313354492,21.777470825625997
1927-08-01,1927,8,11.640000343322754,12.127169693543042
1927-09-01,1927,9,9.640000343322754,10.188176401099076
1927-10-01,1927,10,11.489999771118164,12.378796267317338
1927-11-01,1927,11,47.599998474121094,68.10986312399231
1927-12-01,1927,12,32.83000183105469,50.11556504302253
1928-01-01,1928,1,40.279998779296875,43.19554481983996
1928-02-01,1928,2,62.97999954223633,72.40368211358454
1928-03-01,1928,3,262.1300048828125,267.8806065321408
1928-04-01,1928,4,146.10000610351562,147.7303249655231
1928-05-01,1928,5,87.36000061035156,89.05677842167705
1928-06-01,1928,6,28.31999969482422,29.450563851896572
1928-07-01,1928,7,15.760000228881838,16.543337510287955
1928-08-01,1928,8,8.930000305175781,9.337136156158587
1928-09-01,1928,9,7.550000190734863,8.114589674364822
1928-10-01,1928,10,8.34000015258789,8.788827371650509
1928-11-01,1928,11,12.1899995803833,13.947338667108495
1928-12-01,1928,12,15.380000114440918,23.58814162476927
1929-01-01,1929,1,14.130000114440918,22.04891851573587
1929-02-01,1929,2,25.479999542236328,29.791919155713565
1929-03-01,1929,3,35.90999984741211,38.28754479995045
1929-04-01,1929,4,41.16999816894531,45.77850634979141
1929-05-01,1929,5,50.290000915527344,51.95461836847955
1929-06-01,1929,6,26.690000534057617,27.64442621851935
1929-07-01,1929,7,13.140000343322754,13.766730907071604
1929-08-01,1929,8,6.539999961853027,6.9700840235808705
1929-09-01,1929,9,4.78000020980835,5.110421912618209
1929-10-01,1929,10,8.399999618530273,8.871970287909956
1929-11-01,1929,11,8.539999961853027,9.393850636092006
1929-12-01,1929,12,153.94000244140625,161.4014241100852
1930-01-01,1930,1,55.58000183105469,58.98839342177475
1930-02-01,1930,2,76.36000061035156,82.35602075894873
1930-03-01,1930,3,118.33000183105469,121.93387256672293
1930-04-01,1930,4,126.66000366210938,127.28459835514701
1930-05-01,1930,5,89.3499984741211,90.78678216482422
1930-06-01,1930,6,36.95000076293945,37.92567464876547
1930-07-01,1930,7,15.210000038146973,15.797058268815364
1930-08-01,1930,8,8.609999656677246,9.186589936668033
1930-09-01,1930,9,7.179999828338623,7.560794923198912
1930-10-01,1930,10,6.75,7.201500181145972
1930-11-01,1930,11,10.770000457763672,12.138266228104007
1930-12-01,1930,12,8.670000076293945,9.145531750164057
1931-01-01,1931,1,16.479999542236328,22.40129882973639
1931-02-01,1931,2,17.290000915527344,19.833330088692154
1931-03-01,1931,3,33.4900016784668,35.70684815086968
1931-04-01,1931,4,29.239999771118164,32.803690110109265
1931-05-01,1931,5,19.780000686645508,20.595231034045643
1931-06-01,1931,6,11.729999542236328,12.31069820684606
1931-07-01,1931,7,9.050000190734863,9.599578512063575
1931-08-01,1931,8,5.130000114440918,5.454733523096432
1931-09-01,1931,9,3.180000066757202,3.3864092816179223
1931-10-01,1931,10,9.960000038146973,10.643661710263531
1931-11-01,1931,11,12.449999809265137,14.603051009276975
1931-12-01,1931,12,43.06999969482422,60.599665503717496
1932-01-01,1932,1,39.119998931884766,42.8794064856621
1932-02-01,1932,2,33.900001525878906,36.418957732486234
1932-03-01,1932,3,90.8499984741211,93.2962511181522
1932-04-01,1932,4,108.19999694824219,111.02466075647637
1932-05-01,1932,5,123.11000061035156,123.60477063119627
1932-06-01,1932,6,56.61000061035156,57.441638611151106
1932-07-01,1932,7,17.649999618530273,18.10413195422663
1932-08-01,1932,8,8.600000381469727,9.169160858573555
1932-09-01,1932,9,7.349999904632568,7.824196536268399
1932-10-01,1932,10,8.210000038146973,8.640072834933733
1932-11-01,1932,11,9.8100004196167,10.85777517289682
1932-12-01,1932,12,11.670000076293945,15.17753315526489
1933-01-01,1933,1,23.030000686645508,27.284000707364292
1933-02-01,1933,2,13.710000038146973,15.891767627388731
1933-03-01,1933,3,36.22999954223633,38.6289962125783
1933-04-01,1933,4,52.849998474121094,54.061059227109205
1933-05-01,1933,5,60.119998931884766,62.15767691655804
1933-06-01,1933,6,44.470001220703125,45.3014437267259
1933-07-01,1933,7,15.4399995803833,16.10982690378834
1933-08-01,1933,8,7.239999771118164,7.5795885114693045
1933-09-01,1933,9,4.949999809265137,5.285579203192356
1933-10-01,1933,10,7.519999980926514,7.968210263727598
1933-11-01,1933,11,8.729999542236328,9.804252638699174
1933-12-01,1933,12,27.93000030517578,38.82032798994889
1934-01-01,1934,1,38.02000045776367,42.55504884006408
1934-02-01,1934,2,46.43000030517578,50.54381496872914
1934-03-01,1934,3,56.959999084472656,66.52321784754845
1934-04-01,1934,4,46.40999984741211,48.9672594911081
1934-05-01,1934,5,27.18000030517578,27.922199789215007
1934-06-01,1934,6,15.609999656677246,16.122750382230237
1934-07-01,1934,7,10.779999732971191,11.158217987726024
1934-08-01,1934,8,6.659999847412109,7.059794455732337
1934-09-01,1934,9,4.400000095367432,4.703706300245431
1934-10-01,1934,10,8.960000038146973,9.541089417552659
1934-11-01,1934,11,21.59000015258789,28.676457899571645
1934-12-01,1934,12,23.030000686645508,33.4439719674707
1935-01-01,1935,1,48.720001220703125,53.989483075226936
1935-02-01,1935,2,41.58000183105469,43.88611013256679
1935-03-01,1935,3,59.38999938964844,68.45300418345211
1935-04-01,1935,4,249.61999511718753,261.2432561097081
1935-05-01,1935,5,192.6999969482422,191.51505829114072
1935-06-01,1935,6,75.0199966430664,75.71910450848792
1935-07-01,1935,7,19.209999084472656,19.711151644160974
1935-08-01,1935,8,9.670000076293945,10.140973427059459
1935-09-01,1935,9,8.140000343322754,8.476206772082126
1935-10-01,1935,10,10.979999542236328,11.77254422448454
1935-11-01,1935,11,12.319999694824219,14.152515900813396
1935-12-01,1935,12,16.6200008392334,25.585670818478473
1936-01-01,1936,1,113.94000244140625,123.07173349152364
1936-02-01,1936,2,170.5,178.8909896021089
1936-03-01,1936,3,119.4000015258789,122.35329225494735
1936-04-01,1936,4,143.6300048828125,144.94153645704733
1936-05-01,1936,5,104.91999816894531,105.40449076833218
1936-06-01,1936,6,49.34000015258789,50.46676547849661
1936-07-01,1936,7,17.139999389648438,17.707277022298154
1936-08-01,1936,8,9.479999542236328,9.83783120337204
1936-09-01,1936,9,8.600000381469727,9.078139485471107
1936-10-01,1936,10,9.010000228881836,9.604581510361765
1936-11-01,1936,11,10.699999809265137,12.013051366217859
1936-12-01,1936,12,11.710000038146973,15.791967562618888
1937-01-01,1937,1,16.690000534057617,21.514929092150364
1937-02-01,1937,2,40.54999923706055,42.46062330030831
1937-03-01,1937,3,81.12999725341797,83.50282948184633
1937-04-01,1937,4,124.43000030517578,125.13260657409361
1937-05-01,1937,5,144.66000366210938,142.49921872036035
1937-06-01,1937,6,57.540000915527344,57.74464393478271
1937-07-01,1937,7,19.59000015258789,20.131084109065974
1937-08-01,1937,8,9.5600004196167,9.958864217616222
1937-09-01,1937,9,6.960000038146973,7.294128608643291
1937-10-01,1937,10,11.550000190734863,12.53642907100675
1937-11-01,1937,11,56.459999084472656,80.37432231524606
1937-12-01,1937,12,212.60000610351562,225.12238526159095
1938-01-01,1938,1,66.2300033569336,71.60113294572845
1938-02-01,1938,2,148.52000427246094,157.15873546788063
1938-03-01,1938,3,277.7300109863281,286.5405026700147
1938-04-01,1938,4,318.8699951171875,329.6436134101287
1938-05-01,1938,5,376.1099853515625,366.2129891492626
1938-06-01,1938,6,159.75999450683594,158.64158060262548
1938-07-01,1938,7,37.83000183105469,37.789872229912156
1938-08-01,1938,8,17.360000610351562,17.470001378387913
1938-09-01,1938,9,13.930000305175781,14.08063779700869
1938-10-01,1938,10,12.829999923706055,14.746840684905674
1938-11-01,1938,11,16.059999465942383,21.054399266217736
1938-12-01,1938,12,18.149999618530273,28.578200871259156
1939-01-01,1939,1,19.959999084472656,25.452018166263176
1939-02-01,1939,2,19.889999389648438,22.54382121826933
1939-03-01,1939,3,47.689998626708984,53.59932798050626
1939-04-01,1939,4,55.869998931884766,58.07570964255265
1939-05-01,1939,5,31.059999465942383,31.723926671075557
1939-06-01,1939,6,16.93000030517578,17.43040429892096
1939-07-01,1939,7,12.380000114440918,12.904474810726805
1939-08-01,1939,8,7.059999942779541,7.424290578249935
1939-09-01,1939,9,4.820000171661377,5.153454514281945
1939-10-01,1939,10,10.109999656677246,11.00191365813666
1939-11-01,1939,11,9.579999923706055,10.792712438957007
1939-12-01,1939,12,21.59000015258789,32.09888605639148
1940-01-01,1940,1,118.19999694824219,126.08994358205518
1940-02-01,1940,2,222.4499969482422,230.98982605744754
1940-03-01,1940,3,312.4100036621094,323.7525875193399
1940-04-01,1940,4,208.5,221.68179463451307
1940-05-01,1940,5,102.04000091552734,102.66507088234887
1940-06-01,1940,6,37.59000015258789,38.76629626385333
1940-07-01,1940,7,17.079999923706055,17.7282103346946
1940-08-01,1940,8,11.09000015258789,11.545216261098535
1940-09-01,1940,9,9.989999771118164,10.613826067983904
1940-10-01,1940,10,15.289999961853027,17.007474485959772
1940-11-01,1940,11,24.93000030517578,31.21624867136024
1940-12-01,1940,12,119.41000366210938,136.10610351366807
1941-01-01,1941,1,125.6500015258789,131.54982542478214
1941-02-01,1941,2,217.4199981689453,225.99831866268636
1941-03-01,1941,3,204.47999572753906,212.00422748309643
1941-04-01,1941,4,184.52999877929688,185.08027010247295
1941-05-01,1941,5,232.22999572753906,228.81331738265678
1941-06-01,1941,6,90.55000305175781,90.8996247909342
1941-07-01,1941,7,31.829999923706055,32.46898963161355
1941-08-01,1941,8,16.299999237060547,16.44846844051854
1941-09-01,1941,9,14.220000267028809,14.402954548598284
1941-10-01,1941,10,15.939999580383303,17.457621830298336
1941-11-01,1941,11,23.219999313354492,29.716189543950335
1941-12-01,1941,12,150.77999877929688,158.0353442929231
1942-01-01,1942,1,164.44000244140625,173.49488539521016
1942-02-01,1942,2,215.9499969482422,223.9537014777452
1942-03-01,1942,3,104.44999694824219,108.81537340241678
1942-04-01,1942,4,232.4499969482422,246.24317131917473
1942-05-01,1942,5,204.49000549316406,200.1700729847396
1942-06-01,1942,6,131.35000610351562,129.62137491697834
1942-07-01,1942,7,36.939998626708984,36.970371271065645
1942-08-01,1942,8,16.809999465942383,16.925230202987994
1942-09-01,1942,9,14.210000038146973,14.379859139140434
1942-10-01,1942,10,16.020000457763672,17.44940656218968
1942-11-01,1942,11,34.52000045776367,53.21666338653031
1942-12-01,1942,12,70.26000213623047,85.59706281897844
1943-01-01,1943,1,174.52999877929688,183.5769860120737
1943-02-01,1943,2,111.01000213623047,118.86248274103723
1943-03-01,1943,3,248.17999267578125,254.28564553751607
1943-04-01,1943,4,190.72999572753906,190.8560770651585
1943-05-01,1943,5,113.12000274658203,114.60851382230597
1943-06-01,1943,6,61.88999938964843,61.85427581801726
1943-07-01,1943,7,24.780000686645508,25.38847903086519
1943-08-01,1943,8,13.670000076293945,14.0371680880679
1943-09-01,1943,9,12.010000228881836,12.194175987360277
1943-10-01,1943,10,12.3100004196167,13.995311947782644
1943-11-01,1943,11,16.719999313354492,22.78188017023568
1943-12-01,1943,12,18.84000015258789,30.015779368999123
1944-01-01,1944,1,26.510000228881836,29.32413866993764
1944-02-01,1944,2,40.15999984741211,42.125490698641286
1944-03-01,1944,3,65.43000030517578,71.2231222057443
1944-04-01,1944,4,87.22000122070312,89.34041285441293
1944-05-01,1944,5,109.4800033569336,110.02506268958557
1944-06-01,1944,6,51.54999923706055,52.82983313647335
1944-07-01,1944,7,38.029998779296875,37.98214804007348
1944-08-01,1944,8,11.369999885559082,11.830404767172562
1944-09-01,1944,9,7.590000152587891,8.111796524102978
1944-10-01,1944,10,11.390000343322754,12.243348130441639
1944-11-01,1944,11,34.099998474121094,51.01721700323591
1944-12-01,1944,12,49.310001373291016,66.73910059743989
1945-01-01,1945,1,37.099998474121094,42.20631662062292
1945-02-01,1945,2,133.35000610351562,140.3506372283483
1945-03-01,1945,3,75.2699966430664,78.58072513996424
1945-04-01,1945,4,102.73999786376953,107.17000350716671
1945-05-01,1945,5,119.22000122070312,120.38741565133276
1945-06-01,1945,6,50.880001068115234,52.15488553188167
1945-07-01,1945,7,21.790000915527344,22.41623315148505
1945-08-01,1945,8,12.050000190734863,12.635362664517672
1945-09-01,1945,9,9.050000190734863,9.516806013888823
1945-10-01,1945,10,17.219999313354492,18.586720523620528
1945-11-01,1945,11,37.0,57.080786962178564
1945-12-01,1945,12,146.30999755859375,153.29716985597412
1946-01-01,1946,1,88.19000244140625,97.77419020222605
1946-02-01,1946,2,51.290000915527344,56.08179421092953
1946-03-01,1946,3,91.18000030517578,93.78428870857324
1946-04-01,1946,4,133.63999938964844,136.26029562760255
1946-05-01,1946,5,112.44999694824219,113.75715398689094
1946-06-01,1946,6,42.060001373291016,43.22577310571927
1946-07-01,1946,7,19.049999237060547,19.537876856015085
1946-08-01,1946,8,11.920000076293945,12.457108796455406
1946-09-01,1946,9,9.520000457763672,10.068083575940507
1946-10-01,1946,10,10.579999923706055,11.35930088841886
1946-11-01,1946,11,29.8700008392334,37.38115850636769
1946-12-01,1946,12,31.790000915527344,50.627205261272124
1947-01-01,1947,1,18.809999465942383,22.48222722230358
1947-02-01,1947,2,56.09000015258789,68.90748563710464
1947-03-01,1947,3,86.68000030517578,88.52247837563941
1947-04-01,1947,4,75.79000091552734,76.69103419087541
1947-05-01,1947,5,40.27000045776367,41.13204895104847
1947-06-01,1947,6,28.18000030517578,29.297803286017324
1947-07-01,1947,7,14.489999771118164,15.216009471362023
1947-08-01,1947,8,9.1899995803833,9.479049604188392
1947-09-01,1947,9,6.650000095367432,6.947823606449742
1947-10-01,1947,10,20.059999465942383,21.097186273761494
1947-11-01,1947,11,19.799999237060547,27.06491185729021
1947-12-01,1947,12,16.610000610351562,25.560974588903676
1948-01-01,1948,1,66.55999755859375,72.8799114662909
1948-02-01,1948,2,25.040000915527344,28.776701548513568
1948-03-01,1948,3,48.93000030517578,56.2958512207653
1948-04-01,1948,4,168.52000427246094,170.1276084734084
1948-05-01,1948,5,163.8000030517578,164.60665714378047
1948-06-01,1948,6,105.26000213623047,105.98602532504181
1948-07-01,1948,7,28.829999923706055,29.495603037763278
1948-08-01,1948,8,11.789999961853027,12.30312587163328
1948-09-01,1948,9,8.949999809265137,9.37681226440899
1948-10-01,1948,10,10.359999656677246,11.281875227024036
1948-11-01,1948,11,16.360000610351562,21.89665138551005
1948-12-01,1948,12,20.809999465942383,30.68928439696393
1949-01-01,1949,1,16.610000610351562,22.029057485562102
1949-02-01,1949,2,24.229999542236328,27.272170558652945
1949-03-01,1949,3,70.66999816894531,74.07462958717242
1949-04-01,1949,4,105.33000183105469,108.85998339901525
1949-05-01,1949,5,85.43000030517578,86.91607696625495
1949-06-01,1949,6,29.670000076293945,30.66257004162417
1949-07-01,1949,7,14.600000381469727,15.23518878447626
1949-08-01,1949,8,8.529999732971191,9.029024013484673
1949-09-01,1949,9,5.909999847412109,6.227459366056078
1949-10-01,1949,10,8.170000076293945,8.59994379597407
1949-11-01,1949,11,12.140000343322754,13.88379942920004
1949-12-01,1949,12,12.119999885559082,16.91816986474954
1950-01-01,1950,1,55.029998779296875,58.79390048372161
1950-02-01,1950,2,93.33000183105469,98.04656773664136
1950-03-01,1950,3,99.45999908447266,103.01076414514147
1950-04-01,1950,4,157.25,159.37456379756296
1950-05-01,1950,5,136.72000122070312,135.565256925984
1950-06-01,1950,6,58.380001068115234,58.352111986071456
1950-07-01,1950,7,19.56999969482422,20.110093017983683
1950-08-01,1950,8,10.539999961853027,11.103218725671747
1950-09-01,1950,9,8.289999961853027,8.673572536150468
1950-10-01,1950,10,26.850000381469727,31.412523007978347
1950-11-01,1950,11,129.16000366210938,217.43498273002072
1950-12-01,1950,12,198.88999938964844,210.0951741108871
1951-01-01,1951,1,135.67999267578125,140.81570356964528
1951-02-01,1951,2,163.39999389648438,172.66868401778478
1951-03-01,1951,3,114.63999938964844,118.71811869231827
1951-04-01,1951,4,130.7899932861328,131.91409637966785
1951-05-01,1951,5,110.54000091552734,111.25462661084357
1951-06-01,1951,6,38.91999816894531,40.42025739476712
1951-07-01,1951,7,17.489999771118164,17.97804083610349
1951-08-01,1951,8,11.010000228881836,11.530115324731446
1951-09-01,1951,9,9.789999961853027,10.308761366395315
1951-10-01,1951,10,13.760000228881836,15.810104375186498
1951-11-01,1951,11,27.440000534057617,33.727324157190886
1951-12-01,1951,12,99.19999694824219,117.42858491529897
1952-01-01,1952,1,58.349998474121094,62.17648425213706
1952-02-01,1952,2,141.02999877929688,147.64152713895697
1952-03-01,1952,3,109.41000366210938,113.99710132896445
1952-04-01,1952,4,518.8200073242188,540.4265457166298
1952-05-01,1952,5,391.1600036621094,379.2766258821534
1952-06-01,1952,6,169.47000122070312,167.8483782222482
1952-07-01,1952,7,58.689998626708984,58.7618144510469
1952-08-01,1952,8,22.079999923706055,22.297924436815077
1952-09-01,1952,9,13.100000381469727,13.270240712158225
1952-10-01,1952,10,11.5,12.395203991691323
1952-11-01,1952,11,14.770000457763672,18.407672557551198
1952-12-01,1952,12,31.360000610351562,49.99714599932813
1953-01-01,1953,1,215.89999389648438,223.42447848872467
1953-02-01,1953,2,58.529998779296875,75.10875085943601
1953-03-01,1953,3,71.38999938964844,74.9021028835106
1953-04-01,1953,4,142.35000610351562,143.73043219624523
1953-05-01,1953,5,156.75,156.4487270831984
1953-06-01,1953,6,119.0,118.08253135594302
1953-07-01,1953,7,36.47999954223633,36.55188617530329
1953-08-01,1953,8,16.020000457763672,16.185852979134626
1953-09-01,1953,9,10.260000228881836,10.776690659923982
1953-10-01,1953,10,11.149999618530273,11.94975212367325
1953-11-01,1953,11,23.479999542236328,29.853833816701677
1953-12-01,1953,12,22.100000381469727,34.535057644217005
1954-01-01,1954,1,43.630001068115234,46.951079859496595
1954-02-01,1954,2,78.22000122070312,82.82708104929462
1954-03-01,1954,3,143.52000427246094,151.35379282445706
1954-04-01,1954,4,180.0500030517578,181.23331291792374
1954-05-01,1954,5,93.04000091552734,94.12697541239031
1954-06-01,1954,6,30.879999160766605,31.68391561134558
1954-07-01,1954,7,14.479999542236328,15.212069634468682
1954-08-01,1954,8,9.579999923706055,9.996755524077956
1954-09-01,1954,9,7.590000152587891,8.111796524102978
1954-10-01,1954,10,7.90999984741211,8.342936205271306
1954-11-01,1954,11,15.71000003814697,20.01967864991642
1954-12-01,1954,12,27.399999618530273,36.675682920426254
1955-01-01,1955,1,21.540000915527344,26.158409018983914
1955-02-01,1955,2,19.790000915527344,22.470638307975534
1955-03-01,1955,3,45.88999938964844,49.14312203092799
1955-04-01,1955,4,61.56999969482422,63.308425934410394
1955-05-01,1955,5,111.72000122070312,112.76314844497638
1955-06-01,1955,6,37.900001525878906,39.22593635660626
1955-07-01,1955,7,12.729999542236328,13.288479458193176
1955-08-01,1955,8,7.440000057220459,7.763901677631175
1955-09-01,1955,9,6.119999885559082,6.432571886715044
1955-10-01,1955,10,6.849999904632568,7.302204237066547
1955-11-01,1955,11,11.420000076293945,13.022997811704347
1955-12-01,1955,12,395.9100036621094,427.0305086261244
1956-01-01,1956,1,249.7100067138672,258.2491887242069
1956-02-01,1956,2,103.61000061035156,110.46250204192495
1956-03-01,1956,3,157.16000366210938,163.83021351276605
1956-04-01,1956,4,179.86000061035156,181.08370196173848
1956-05-01,1956,5,219.22999572753906,218.2314774486428
1956-06-01,1956,6,84.20999908447266,84.88218851602569
1956-07-01,1956,7,27.309999465942383,27.7359963411189
1956-08-01,1956,8,14.899999618530273,15.127838248700046
1956-09-01,1956,9,10.4399995803833,10.912945411597615
1956-10-01,1956,10,15.960000038146974,17.441441112543597
1956-11-01,1956,11,16.81999969482422,23.157776968074963
1956-12-01,1956,12,15.989999771118166,24.55489153469142
1957-01-01,1957,1,17.59000015258789,21.950204060130485
1957-02-01,1957,2,125.91000366210936,134.57128404461952
1957-03-01,1957,3,146.0,153.02397521828922
1957-04-01,1957,4,86.87000274658203,89.09392602278
1957-05-01,1957,5,132.1999969482422,131.5291935754284
1957-06-01,1957,6,50.400001525878906,51.670816876418634
1957-07-01,1957,7,17.139999389648438,17.707277022298154
1957-08-01,1957,8,10.220000267028809,10.76473516389245
1957-09-01,1957,9,8.489999771118164,8.962566000459999
1957-10-01,1957,10,15.710000038146973,17.281924286340015
1957-11-01,1957,11,22.6200008392334,29.422283122176385
1957-12-01,1957,12,49.09000015258789,68.30072193875806
1958-01-01,1958,1,54.58000183105469,59.06876074869068
1958-02-01,1958,2,267.8599853515625,271.0033474639122
1958-03-01,1958,3,150.41000366210938,156.64711121564451
1958-04-01,1958,4,247.50999450683594,260.0428023757851
1958-05-01,1958,5,269.8500061035156,264.83100191813406
1958-06-01,1958,6,114.01000213623047,114.36135231536724
1958-07-01,1958,7,32.59000015258789,32.802477881038904
1958-08-01,1958,8,17.1200008392334,17.22765186982313
1958-09-01,1958,9,11.539999961853027,11.746755614529755
1958-10-01,1958,10,11.289999961853027,12.111097830766926
1958-11-01,1958,11,13.800000190734863,16.27685824592976
1958-12-01,1958,12,15.350000381469727,23.458880726986415
1959-01-01,1959,1,65.9800033569336,71.0865630034758
1959-02-01,1959,2,65.0199966430664,71.91202917346392
1959-03-01,1959,3,74.16999816894531,77.80010677058813
1959-04-01,1959,4,77.16000366210938,78.53441259867171
1959-05-01,1959,5,48.150001525878906,49.594267086942956
1959-06-01,1959,6,19.6200008392334,20.21626618277073
1959-07-01,1959,7,9.279999732971191,9.749337233844303
1959-08-01,1959,8,6.630000114440918,7.048724334639554
1959-09-01,1959,9,7.800000190734863,8.18078074587852
1959-10-01,1959,10,7.099999904632568,7.54085631129109
1959-11-01,1959,11,7.260000228881836,7.4986529281829
1959-12-01,1959,12,9.329999923706055,9.996335416673388
1960-01-01,1960,1,19.31999969482422,23.77692260380743
1960-02-01,1960,2,125.08000183105469,134.78562036660492
1960-03-01,1960,3,146.1999969482422,153.00706231535378
1960-04-01,1960,4,102.55999755859375,106.9300394464417
1960-05-01,1960,5,67.5,67.81596480464896
1960-06-01,1960,6,31.8799991607666,32.542215481201694
1960-07-01,1960,7,12.130000114440918,12.658751803946695
1960-08-01,1960,8,7.869999885559082,8.191658814948806
1960-09-01,1960,9,6.380000114440918,6.683061314739363
1960-10-01,1960,10,6.619999885559082,7.0623965974108005
1960-11-01,1960,11,14.630000114440918,18.022917623178838
1960-12-01,1960,12,25.780000686645508,33.936358032686904
1961-01-01,1961,1,21.030000686645508,26.054324698871486
1961-02-01,1961,2,53.95000076293945,60.827939185749806
1961-03-01,1961,3,50.91999816894531,59.96170412851964
1961-04-01,1961,4,65.83999633789062,67.25361807626055
1961-05-01,1961,5,70.06999969482422,70.58390730692635
1961-06-01,1961,6,32.4900016784668,33.116404880238036
1961-07-01,1961,7,11.210000038146973,11.703939567270282
1961-08-01,1961,8,7.739999771118164,8.048542913113781
1961-09-01,1961,9,6.070000171661377,6.38601120160755
1961-10-01,1961,10,6.849999904632568,7.302204237066547
1961-11-01,1961,11,9.430000305175781,10.878457902211483
1961-12-01,1961,12,20.3799991607666,30.51470073881854
1962-01-01,1962,1,14.390000343322754,21.60528191022475
1962-02-01,1962,2,103.44999694824219,110.27345473750175
1962-03-01,1962,3,70.75,74.11341466975124
1962-04-01,1962,4,197.0800018310547,203.03119337197634
1962-05-01,1962,5,116.80000305175781,118.2992874045685
1962-06-01,1962,6,56.27000045776367,57.319635744825135
1962-07-01,1962,7,16.31999969482422,17.096114611258923
1962-08-01,1962,8,7.46999979019165,7.790118279647597
1962-09-01,1962,9,6.980000019073486,7.320223210156511
1962-10-01,1962,10,148.2100067138672,227.84366417785193
1962-11-01,1962,11,29.15999984741211,35.45296060127076
1962-12-01,1962,12,90.88999938964844,108.86955727926662
1963-01-01,1963,1,85.95999908447266,95.98288351516557
1963-02-01,1963,2,234.83999633789062,241.4003764358573
1963-03-01,1963,3,64.47000122070312,71.7217330586739
1963-04-01,1963,4,224.5500030517578,238.40313292663265
1963-05-01,1963,5,149.3699951171875,146.93175874258088
1963-06-01,1963,6,53.59000015258789,54.90074801703233
1963-07-01,1963,7,21.079999923706055,21.63902660929961
1963-08-01,1963,8,9.859999656677246,10.357254545643986
1963-09-01,1963,9,10.819999694824219,11.121567680313081
1963-10-01,1963,10,15.140000343322754,17.02240507112466
1963-11-01,1963,11,50.810001373291016,68.20503428479694
1963-12-01,1963,12,24.309999465942383,32.22460248184009
1964-01-01,1964,1,36.86000061035156,42.57449255945904
1964-02-01,1964,2,30.459999084472656,33.99766019141555
1964-03-01,1964,3,45.09000015258789,48.07638536375465
1964-04-01,1964,4,85.55999755859375,88.02146478470145
1964-05-01,1964,5,84.83999633789062,86.18631401437312
1964-06-01,1964,6,37.97999954223633,39.343214919625
1964-07-01,1964,7,13.710000038146973,14.416840922360247
1964-08-01,1964,8,6.880000114440918,7.2670937472674595
1964-09-01,1964,9,6.820000171661377,7.115856187933664
1964-10-01,1964,10,6.699999809265137,7.147958771653192
1964-11-01,1964,11,18.969999313354492,26.34270304368552
1964-12-01,1964,12,400.760009765625,433.5803315244661
1965-01-01,1965,1,224.9600067138672,232.40371694404078
1965-02-01,1965,2,104.87999725341797,111.9267454472816
1965-03-01,1965,3,104.12999725341797,108.37476469174705
1965-04-01,1965,4,193.0399932861328,195.07672074960428
1965-05-01,1965,5,153.6699981689453,152.43358995332667
1965-06-01,1965,6,70.3499984741211,70.92790972949219
1965-07-01,1965,7,24.030000686645508,24.90226817792861
1965-08-01,1965,8,15.720000267028809,15.924444198652424
1965-09-01,1965,9,10.800000190734863,11.153461490935227
1965-10-01,1965,10,10.520000457763672,11.299004835139167
1965-11-01,1965,11,28.600000381469727,34.903066012302595
1965-12-01,1965,12,19.6299991607666,30.25295755513928
1966-01-01,1966,1,33.18000030517578,40.08507472256097
1966-02-01,1966,2,27.81999969482422,32.130013220492735
1966-03-01,1966,3,94.2699966430664,97.28415103462136
1966-04-01,1966,4,132.92999267578125,134.81467573820865
1966-05-01,1966,5,81.37999725341797,82.28067605530175
1966-06-01,1966,6,20.969999313354492,21.60876106322644
1966-07-01,1966,7,9.289999961853027,9.742586516704327
1966-08-01,1966,8,7.260000228881836,7.590530643710949
1966-09-01,1966,9,6.170000076293945,6.478452572586317
1966-10-01,1966,10,6.170000076293945,6.441366257468876
1966-11-01,1966,11,41.220001220703125,62.487882159620504
1966-12-01,1966,12,87.01000213623047,105.05914405266932
1967-01-01,1967,1,120.77999877929688,127.79506559827159
1967-02-01,1967,2,116.41999816894533,125.25694599292426
1967-03-01,1967,3,188.92999267578125,196.56112173764888
1967-04-01,1967,4,100.97000122070312,104.61294768539231
1967-05-01,1967,5,262.3900146484375,256.50657355176565
1967-06-01,1967,6,190.22999572753906,187.56280756397013
1967-07-01,1967,7,49.77000045776367,49.66306042419683
1967-08-01,1967,8,14.5,14.746154008674392
1967-09-01,1967,9,12.149999618530273,12.328514855705325
1967-10-01,1967,10,14.880000114440918,16.867246387855086
1967-11-01,1967,11,14.170000076293945,16.69959766362707
1967-12-01,1967,12,21.559999465942383,31.73419148424172
1968-01-01,1968,1,41.5099983215332,44.088750178745826
1968-02-01,1968,2,146.61000061035156,154.63510425028193
1968-03-01,1968,3,105.55999755859375,110.41063113667727
1968-04-01,1968,4,90.41000366210938,92.48830671090484
1968-05-01,1968,5,72.7300033569336,73.49993052671603
1968-06-01,1968,6,27.219999313354492,28.229123066146602
1968-07-01,1968,7,11.510000228881836,12.095105118837918
1968-08-01,1968,8,8.4399995803833,8.880975354914755
1968-09-01,1968,9,7.170000076293945,7.5481800927223235
1968-10-01,1968,10,13.930000305175781,16.00083119319899
1968-11-01,1968,11,27.790000915527344,34.07140298913654
1968-12-01,1968,12,43.560001373291016,61.2962251277762
1969-01-01,1969,1,260.44000244140625,269.552541588361
1969-02-01,1969,2,99.18000030517578,105.54467519555807
1969-03-01,1969,3,86.44000244140625,88.52548486636478
1969-04-01,1969,4,215.3699951171875,228.98291063192858
1969-05-01,1969,5,291.9200134277344,288.52781198808367
1969-06-01,1969,6,115.66000366210938,115.33436875640315
1969-07-01,1969,7,31.229999542236328,32.06041849145087
1969-08-01,1969,8,14.130000114440918,14.398608010833371
1969-09-01,1969,9,11.539999961853027,11.746755614529755
1969-10-01,1969,10,16.329999923706055,17.704598141283295
1969-11-01,1969,11,16.43000030517578,22.070992228489352
1969-12-01,1969,12,129.3000030517578,140.27849890610287
1970-01-01,1970,1,416.4599914550781,423.9843414800765
1970-02-01,1970,2,125.97000122070312,134.58267309669753
1970-03-01,1970,3,121.66999816894531,123.3357208051167
1970-04-01,1970,4,67.4800033569336,68.63324317062167
1970-05-01,1970,5,84.08999633789062,85.28827775750794
1970-06-01,1970,6,41.5,42.73461991735518
1970-07-01,1970,7,17.979999542236328,18.424288195584655
1970-08-01,1970,8,9.119999885559082,9.420812848759729
1970-09-01,1970,9,8.5600004196167,9.046822666499434
1970-10-01,1970,10,12.0600004196167,13.634478275736326
1970-11-01,1970,11,53.599998474121094,71.50805116006045
1970-12-01,1970,12,80.5,98.82605710455535
1971-01-01,1971,1,84.13999938964844,94.88963543902253
1971-02-01,1971,2,77.20999908447266,82.63162366165446
1971-03-01,1971,3,161.61000061035156,169.06576612927117
1971-04-01,1971,4,166.8300018310547,168.52793444882803
1971-05-01,1971,5,222.1199951171875,221.2756597342656
1971-06-01,1971,6,157.4199981689453,156.12224605590424
1971-07-01,1971,7,47.02000045776367,46.92994499246066
1971-08-01,1971,8,17.59000015258789,17.702027011848127
1971-09-01,1971,9,13.390000343322754,13.551299086185415
1971-10-01,1971,10,15.270000457763672,17.010111697908588
1971-11-01,1971,11,19.260000228881836,26.748828636612235
1971-12-01,1971,12,28.6299991607666,43.809348460622
1972-01-01,1972,1,42.86000061035156,45.76098555256504
1972-02-01,1972,2,60.7599983215332,75.71120151303634
1972-03-01,1972,3,157.1999969482422,163.88220815697127
1972-04-01,1972,4,119.29000091552734,121.72318944714783
1972-05-01,1972,5,104.20999908447266,104.72320791321584
1972-06-01,1972,6,44.09000015258789,44.95646669975468
1972-07-01,1972,7,15.470000267028809,16.156883547268045
1972-08-01,1972,8,6.409999847412109,6.836135687160318
1972-09-01,1972,9,9.970000267028809,10.57816373243521
1972-10-01,1972,10,18.219999313354492,19.48620177257651
1972-11-01,1972,11,30.68000030517578,40.68131107679218
1972-12-01,1972,12,66.56999969482422,80.66131517578933
1973-01-01,1973,1,126.40000152587892,131.46362560018548
1973-02-01,1973,2,93.9000015258789,98.79892801024741
1973-03-01,1973,3,107.36000061035156,112.39632810096903
1973-04-01,1973,4,141.77000427246094,143.34080978090998
1973-05-01,1973,5,196.69000244140625,194.26746041249953
1973-06-01,1973,6,57.16999816894531,57.60833255313491
1973-07-01,1973,7,19.3700008392334,19.888061703829766
1973-08-01,1973,8,11.65999984741211,12.150726219735374
1973-09-01,1973,9,11.010000228881836,11.232642160473794
1973-10-01,1973,10,17.969999313354492,19.306902969896292
1973-11-01,1973,11,194.14999389648438,302.94976328216154
1973-12-01,1973,12,125.9800033569336,139.93318028666704
1974-01-01,1974,1,262.0299987792969,270.7650982905997
1974-02-01,1974,2,70.97000122070312,74.60625643759514
1974-03-01,1974,3,261.0,266.9793572338928
1974-04-01,1974,4,201.6199951171875,212.3544334317462
1974-05-01,1974,5,196.52999877929688,194.18932900937816
1974-06-01,1974,6,97.79000091552734,97.38716291395079
1974-07-01,1974,7,39.7599983215332,39.696420707335825
1974-08-01,1974,8,18.59000015258789,18.72342896905558
1974-09-01,1974,9,0.0,0.0
1974-10-01,1974,10,11.579999923706055,12.64895131214838
1974-11-01,1974,11,15.949999809265135,20.556125268279168
1974-12-01,1974,12,21.6200008392334,32.722728455078474
1975-01-01,1975,1,26.81999969482422,30.207727350284504
1975-02-01,1975,2,74.43000030517578,79.55765009859638
1975-03-01,1975,3,136.1199951171875,140.75959270887844
1975-04-01,1975,4,106.30999755859375,109.42634673512615
1975-05-01,1975,5,247.7100067138672,241.22489596718898
1975-06-01,1975,6,153.38999938964844,151.8128221822105
1975-07-01,1975,7,37.31999969482422,37.31032046087985
1975-08-01,1975,8,16.510000228881836,16.64255669516119
1975-09-01,1975,9,10.789999961853027,11.175567056204391
1975-10-01,1975,10,25.510000228881836,27.89933801681792
1975-11-01,1975,11,29.420000076293945,35.67291890765934
1975-12-01,1975,12,25.1299991607666,32.771074161462664
1976-01-01,1976,1,18.899999618530273,22.71672266994374
1976-02-01,1976,2,27.389999389648438,31.77701645840627
1976-03-01,1976,3,51.869998931884766,61.83888935886703
1976-04-01,1976,4,47.369998931884766,48.93557396862419
1976-05-01,1976,5,41.380001068115234,42.289366514892144
1976-06-01,1976,6,12.84000015258789,13.46257689627168
1976-07-01,1976,7,7.969999790191651,8.448816343979203
1976-08-01,1976,8,8.720000267028809,9.257112234002282
1976-09-01,1976,9,7.070000171661377,7.430415458327478
1976-10-01,1976,10,6.46999979019165,6.902135164263714
1976-11-01,1976,11,8.220000267028809,8.848069262715027
1976-12-01,1976,12,7.809999942779541,8.017257420274264
1977-01-01,1977,1,10.5600004196167,14.363853802478728
1977-02-01,1977,2,12.760000228881836,15.092124148028931
1977-03-01,1977,3,12.949999809265137,16.048876216583302
1977-04-01,1977,4,14.140000343322754,14.690428669308547
1977-05-01,1977,5,18.34000015258789,19.0990515781535
1977-06-01,1977,6,7.699999809265137,8.094927946017306
1977-07-01,1977,7,3.3499999046325684,3.5363929529942606
1977-08-01,1977,8,3.430000066757202,3.636509773901111
1977-09-01,1977,9,3.950000047683716,4.212859556787773
1977-10-01,1977,10,5.849999904632568,6.024981230900011
1977-11-01,1977,11,9.710000038146973,10.704167242734215
1977-12-01,1977,12,60.2599983215332,72.10816639195124
1978-01-01,1978,1,200.4199981689453,208.4536882694521
1978-02-01,1978,2,115.33999633789062,123.92718350179761
1978-03-01,1978,3,216.86000061035156,223.84051436814048
1978-04-01,1978,4,160.47999572753906,162.6720065654053
1978-05-01,1978,5,182.75,183.68523534058383
1978-06-01,1978,6,103.94999694824219,104.28105500495792
1978-07-01,1978,7,31.92000007629395,32.41863039072662
1978-08-01,1978,8,10.640000343322754,11.197375645612818
1978-09-01,1978,9,14.510000228881836,14.776366460979457
1978-10-01,1978,10,10.680000305175781,11.461649595304953
1978-11-01,1978,11,12.390000343322754,14.386845824061188
1978-12-01,1978,12,12.59000015258789,17.65931893854637
1979-01-01,1979,1,32.11000061035156,39.258349001657564
1979-02-01,1979,2,41.81999969482422,44.679721923207836
1979-03-01,1979,3,90.47000122070312,92.73893551855126
1979-04-01,1979,4,105.30000305175781,108.84937257867674
1979-05-01,1979,5,183.14999389648438,183.6641438372422
1979-06-01,1979,6,50.16999816894531,51.42209929591805
1979-07-01,1979,7,15.710000038146973,16.482523901320185
1979-08-01,1979,8,10.069999694824219,10.604530387517105
1979-09-01,1979,9,8.970000267028809,9.395012809006959
1979-10-01,1979,10,19.469999313354492,20.60769235939227
1979-11-01,1979,11,23.90999984741211,30.18791291177904
1979-12-01,1979,12,29.3799991607666,46.81470550971736
1980-01-01,1980,1,304.8399963378906,312.860346381571
1980-02-01,1980,2,217.2100067138672,225.68708281645965
1980-03-01,1980,3,119.31999969482422,122.35182246567054
1980-04-01,1980,4,119.69999694824219,121.86262394092178
1980-05-01,1980,5,123.30000305175781,123.74343456487081
1980-06-01,1980,6,65.37999725341797,65.61781157840535
1980-07-01,1980,7,30.479999542236328,31.432892581488158
1980-08-01,1980,8,13.84000015258789,14.148578352904941
1980-09-01,1980,9,9.779999732971191,10.312822447789234
1980-10-01,1980,10,10.430000305175781,11.292634606912616
1980-11-01,1980,11,12.470000267028809,14.681761452620503
1980-12-01,1980,12,32.279998779296875,50.70887299777659
1981-01-01,1981,1,36.43000030517578,42.607770195082786
1981-02-01,1981,2,71.5,75.49672287668791
1981-03-01,1981,3,72.30999755859375,75.98236327071767
1981-04-01,1981,4,76.51000213623047,77.48961534236814
1981-05-01,1981,5,51.290000915527344,53.11026202160032
1981-06-01,1981,6,16.920000076293945,17.41985532525543
1981-07-01,1981,7,6.460000038146973,6.832119593377749
1981-08-01,1981,8,5.650000095367432,6.016434169471952
1981-09-01,1981,9,6.349999904632568,6.6556322028748935
1981-10-01,1981,10,21.34000015258789,22.29904622947521
1981-11-01,1981,11,235.08999633789062,356.92333493732866
1981-12-01,1981,12,280.7799987792969,300.6813626216945
1982-01-01,1982,1,116.70999908447266,125.28002130954413
1982-02-01,1982,2,266.2799987792969,270.0368271032777
1982-03-01,1982,3,165.41000366210938,173.0094561497006
1982-04-01,1982,4,344.6499938964844,357.0533788382884
1982-05-01,1982,5,232.30999755859375,228.83318967599303
1982-06-01,1982,6,90.26000213623047,90.65292326721175
1982-07-01,1982,7,35.52000045776367,35.63389982069799
1982-08-01,1982,8,17.079999923706055,17.18708998699526
1982-09-01,1982,9,15.130000114440918,15.499878202565196
1982-10-01,1982,10,35.060001373291016,47.502079679581
1982-11-01,1982,11,62.65999984741211,95.95882385890563
1982-12-01,1982,12,140.27000427246094,147.1056977174717
1983-01-01,1983,1,139.69000244140625,145.5943027175517
1983-02-01,1983,2,232.27000427246094,239.82233365478146
1983-03-01,1983,3,399.2200012207031,409.6268741068416
1983-04-01,1983,4,175.52000427246094,176.92002663715826
1983-05-01,1983,5,250.55999755859375,243.96377765589804
1983-06-01,1983,6,235.52999877929688,230.38219001321025
1983-07-01,1983,7,72.69999694824219,73.05049106616504
1983-08-01,1983,8,29.81999969482422,30.153140354732766
1983-09-01,1983,9,19.299999237060547,19.714559595473553
1983-10-01,1983,10,23.3799991607666,25.013230593641854
1983-11-01,1983,11,175.1999969482422,281.0989066919626
1983-12-01,1983,12,293.7799987792969,315.65776497193286
1984-01-01,1984,1,127.06999969482422,131.7522254567288
1984-02-01,1984,2,97.45999908447266,103.53724138750097
1984-03-01,1984,3,144.69000244140625,153.4337403356259
1984-04-01,1984,4,86.41000366210938,88.77945251973313
1984-05-01,1984,5,101.1500015258789,101.81051362792388
1984-06-01,1984,6,48.7599983215332,49.82861230556638
1984-07-01,1984,7,20.700000762939453,21.25723492951859
1984-08-01,1984,8,12.029999732971191,12.59435783779885
1984-09-01,1984,9,10.9399995803833,11.169922165311814
1984-10-01,1984,10,16.84000015258789,18.218432397004857
1984-11-01,1984,11,49.2599983215332,68.09391713008523
1984-12-01,1984,12,36.150001525878906,51.52597472977952
1985-01-01,1985,1,25.110000610351562,27.840782196617226
1985-02-01,1985,2,38.70000076293945,40.89711651320855
1985-03-01,1985,3,64.81999969482422,71.67731192505359
1985-04-01,1985,4,133.97000122070312,136.68791121286483
1985-05-01,1985,5,66.77999877929688,66.97698484666998
1985-06-01,1985,6,22.270000457763672,22.951994147587726
1985-07-01,1985,7,11.710000038146973,12.273573862647961
1985-08-01,1985,8,7.239999771118164,7.5795885114693045
1985-09-01,1985,9,10.010000228881836,10.617169601306795
1985-10-01,1985,10,10.710000038146973,11.491960460333857
1985-11-01,1985,11,16.729999542236328,22.819804317079853
1985-12-01,1985,12,33.220001220703125,49.221508100333715
1986-01-01,1986,1,93.66999816894531,102.77670058161803
1986-02-01,1986,2,520.489990234375,524.6438907499002
1986-03-01,1986,3,338.19000244140625,348.17949417057406
1986-04-01,1986,4,120.08999633789062,121.57017872755138
1986-05-01,1986,5,77.86000061035156,78.72652454959523
1986-06-01,1986,6,32.65999984741211,33.32926052767558
1986-07-01,1986,7,15.329999923706055,15.935666018396121
1986-08-01,1986,8,9.09000015258789,9.42522735437926
1986-09-01,1986,9,16.170000076293945,16.54215159091408
1986-10-01,1986,10,17.3799991607666,18.7369382804333
1986-11-01,1986,11,14.050000190734863,16.525208150998626
1986-12-01,1986,12,13.180000305175781,18.82007024373003
1987-01-01,1987,1,19.59000015258789,24.527436906528234
1987-02-01,1987,2,55.959999084472656,68.4142267969675
1987-03-01,1987,3,88.08999633789062,89.89322911973616
1987-04-01,1987,4,54.5,56.22697188416292
1987-05-01,1987,5,29.65999984741211,30.344894394901992
1987-06-01,1987,6,12.380000114440918,13.03583151898482
1987-07-01,1987,7,8.229999542236328,8.728611876435371
1987-08-01,1987,8,6.429999828338623,6.8560912354166845
1987-09-01,1987,9,5.559999942779541,5.899782091287516
1987-10-01,1987,10,5.539999961853027,5.624395525251457
1987-11-01,1987,11,7.980000019073486,8.465813972397653
1987-12-01,1987,12,48.36000061035156,68.12560966283813
1988-01-01,1988,1,34.540000915527344,41.27673165139103
1988-02-01,1988,2,28.8700008392334,33.018190638415675
1988-03-01,1988,3,46.13999938964844,50.11011865498319
1988-04-01,1988,4,42.33000183105469,46.16704227458619
1988-05-01,1988,5,32.2400016784668,32.929447706257456
1988-06-01,1988,6,15.800000190734863,16.279891755499214
1988-07-01,1988,7,9.140000343322754,9.673989580944534
1988-08-01,1988,8,4.75,5.043608537563604
1988-09-01,1988,9,4.190000057220459,4.4746863395593275
1988-10-01,1988,10,5.389999866485596,5.390464945414563
1988-11-01,1988,11,35.63999938964844,55.47005498349471
1988-12-01,1988,12,16.209999084472656,24.897439748224144
1989-01-01,1989,1,18.420000076293945,22.33708865152078
1989-02-01,1989,2,46.75,50.94385136506639
1989-03-01,1989,3,295.54998779296875,306.82151019997656
1989-04-01,1989,4,145.69000244140625,147.28454144525384
1989-05-01,1989,5,59.66999816894531,61.9770439444727
1989-06-01,1989,6,25.399999618530273,26.23174008260126
1989-07-01,1989,7,10.5600004196167,10.89607233991515
1989-08-01,1989,8,7.650000095367432,7.962641650853729
1989-09-01,1989,9,9.010000228881836,9.461766951864869
1989-10-01,1989,10,21.520000457763672,22.636246598178705
1989-11-01,1989,11,19.34000015258789,26.86199045399093
1989-12-01,1989,12,16.75,26.022231884264627
1990-01-01,1990,1,39.310001373291016,42.89395145527561
1990-02-01,1990,2,23.770000457763672,26.64470842323295
1990-03-01,1990,3,86.41000366210938,88.51707410168301
1990-04-01,1990,4,72.80999755859375,73.78563457307914
1990-05-01,1990,5,43.869998931884766,44.99034109997736
1990-06-01,1990,6,37.13999938964844,38.15405909836693
1990-07-01,1990,7,11.350000381469727,11.91982671369775
1990-08-01,1990,8,7.90999984741211,8.28833542359118
1990-09-01,1990,9,6.849999904632568,7.159492928291604
1990-10-01,1990,10,6.46999979019165,6.902135164263714
1990-11-01,1990,11,8.819999694824219,10.081154241368399
1990-12-01,1990,12,9.510000228881836,10.407261397082332
1991-01-01,1991,1,9.510000228881836,11.649851433749413
1991-02-01,1991,2,13.260000228881836,15.528481420352653
1991-03-01,1991,3,111.3499984741211,115.70457448684009
1991-04-01,1991,4,77.4800033569336,79.11234661262958
1991-05-01,1991,5,73.0199966430664,73.82360900986775
1991-06-01,1991,6,29.829999923706055,30.790506080697448
1991-07-01,1991,7,11.34000015258789,11.901277277927628
1991-08-01,1991,8,8.100000381469727,8.51789278857058
1991-09-01,1991,9,5.309999942779541,5.651350206536938
1991-10-01,1991,10,7.679999828338623,8.117777194080455
1991-11-01,1991,11,10.699999809265137,12.013051366217859
1991-12-01,1991,12,11.9399995803833,16.614913707405417
1992-01-01,1992,1,12.920000076293945,21.456735351852217
1992-02-01,1992,2,52.720001220703125,57.73564779771507
1992-03-01,1992,3,52.75,62.58916200466888
1992-04-01,1992,4,68.66000366210938,69.72233063099132
1992-05-01,1992,5,23.489999771118164,24.32517855079399
1992-06-01,1992,6,9.979999542236328,10.472917639100501
1992-07-01,1992,7,5.159999847412109,5.452174021525332
1992-08-01,1992,8,7.90999984741211,8.28833542359118
1992-09-01,1992,9,4.840000152587891,5.175157191021915
1992-10-01,1992,10,7.789999961853027,8.224998371307139
1992-11-01,1992,11,9.010000228881836,10.490300452455894
1992-12-01,1992,12,27.860000610351562,38.093728685245395
1993-01-01,1993,1,89.33999633789062,98.69101341377541
1993-02-01,1993,2,79.4800033569336,83.1916667344419
1993-03-01,1993,3,316.69000244140625,327.2228366150937
1993-04-01,1993,4,198.3800048828125,206.33273198778693
1993-05-01,1993,5,171.1300048828125,172.36663498705997
1993-06-01,1993,6,98.48999786376953,98.18479019357976
1993-07-01,1993,7,24.059999465942383,24.939299933089686
1993-08-01,1993,8,12.34000015258789,12.85235542713878
1993-09-01,1993,9,10.850000381469727,11.111613645516327
1993-10-01,1993,10,13.920000076293945,15.991593481391526
1993-11-01,1993,11,13.539999961853027,16.022959608029854
1993-12-01,1993,12,24.31999969482422,32.13771207149155
1994-01-01,1994,1,20.549999237060547,26.41805031902172
1994-02-01,1994,2,30.709999084472656,34.040912487171596
1994-03-01,1994,3,60.689998626708984,69.21607441397883
1994-04-01,1994,4,49.20000076293945,49.37238648983054
1994-05-01,1994,5,41.720001220703125,42.68320260407969
1994-06-01,1994,6,12.899999618530273,13.488024722889257
1994-07-01,1994,7,6.889999866485596,7.292891541682242
1994-08-01,1994,8,6.039999961853027,6.445766008983985
1994-09-01,1994,9,4.880000114440918,5.217874987100395
1994-10-01,1994,10,8.229999542236328,8.659026637030074
1994-11-01,1994,11,14.550000190734863,17.721260924153754
1994-12-01,1994,12,28.059999465942383,40.290052813560614
1995-01-01,1995,1,239.7899932861328,247.84247879885197
1995-02-01,1995,2,140.8300018310547,147.3609076073091
1995-03-01,1995,3,567.510009765625,580.3726860344262
1995-04-01,1995,4,246.36000061035156,260.0419691566132
1995-05-01,1995,5,307.989990234375,303.7257656204666
1995-06-01,1995,6,152.4600067138672,150.67674862084084
1995-07-01,1995,7,51.65999984741211,51.615162949904
1995-08-01,1995,8,15.760000228881838,15.952684718111646
1995-09-01,1995,9,9.800000190734863,10.323170030645528
1995-10-01,1995,10,10.489999771118164,11.28428427300902
1995-11-01,1995,11,11.170000076293945,12.681902792384637
1995-12-01,1995,12,24.40999984741211,31.26735929628614
1996-01-01,1996,1,77.48999786376953,86.5668374879666
1996-02-01,1996,2,280.8800048828125,283.62520162226787
1996-03-01,1996,3,186.8000030517578,194.46851411358426
1996-04-01,1996,4,182.00999450683594,182.8781635553673
1996-05-01,1996,5,220.33999633789062,220.4230370503766
1996-06-01,1996,6,55.25,56.56362505265026
1996-07-01,1996,7,21.139999389648438,21.695583348473086
1996-08-01,1996,8,11.319999694824219,11.774764714524741
1996-09-01,1996,9,9.920000076293945,10.495097843788882
1996-10-01,1996,10,11.25,12.054849084152076
1996-11-01,1996,11,31.989999771118164,44.87665938785573
1996-12-01,1996,12,265.95001220703125,282.5546591810126
1997-01-01,1997,1,512.9199829101562,519.9876928558724
1997-02-01,1997,2,171.36000061035156,178.61161308260515
1997-03-01,1997,3,144.47000122070312,153.36015448153898
1997-04-01,1997,4,140.13999938964844,142.1104199394181
1997-05-01,1997,5,93.27999877929688,94.34051296275263
1997-06-01,1997,6,44.290000915527344,45.12708065624821
1997-07-01,1997,7,23.979999542236328,24.802016591270288
1997-08-01,1997,8,19.8700008392334,20.041633226744533
1997-09-01,1997,9,15.61999988555908,15.998398703488565
1997-10-01,1997,10,23.530000686645508,25.329467805953808
1997-11-01,1997,11,39.38999938964844,60.147236622803845
1997-12-01,1997,12,49.58000183105469,65.74331310947083
1998-01-01,1998,1,185.52000427246094,193.99672991422293
1998-02-01,1998,2,215.32000732421875,222.99756353258707
1998-03-01,1998,3,245.30999755859375,251.60016205220325
1998-04-01,1998,4,225.58999633789062,239.34272906843617
1998-05-01,1998,5,276.239990234375,272.0201438691215
1998-06-01,1998,6,253.47999572753906,247.02341157178256
1998-07-01,1998,7,85.11000061035156,85.66361730826236
1998-08-01,1998,8,30.690000534057617,31.06939022507343
1998-09-01,1998,9,25.829999923706055,26.349297808870546
1998-10-01,1998,10,27.09000015258789,32.96774406018054
1998-11-01,1998,11,66.36000061035156,107.40278296622526
1998-12-01,1998,12,103.12999725341797,121.36232366094923
1999-01-01,1999,1,168.24000549316406,177.73908356119938
1999-02-01,1999,2,243.7899932861328,248.56932138634662
1999-03-01,1999,3,211.08999633789062,218.31540005285527
1999-04-01,1999,4,184.92999267578125,185.42370016944892
1999-05-01,1999,5,206.4499969482422,201.65042144891615
1999-06-01,1999,6,96.94000244140625,96.76819444912607
1999-07-01,1999,7,28.739999771118164,29.35007388449851
1999-08-01,1999,8,11.09000015258789,11.545216261098535
1999-09-01,1999,9,9.59000015258789,10.145054590496363
1999-10-01,1999,10,12.34000015258789,14.03995040983499
1999-11-01,1999,11,19.489999771118164,26.989924386922723
1999-12-01,1999,12,18.579999923706055,29.473030001411157
2000-01-01,2000,1,84.08999633789062,94.92444492159517
2000-02-01,2000,2,177.1199951171875,183.38759004373745
2000-03-01,2000,3,145.67999267578125,153.34546039890856
2000-04-01,2000,4,161.22000122070312,163.33046942430215
2000-05-01,2000,5,97.2699966430664,98.06232207650363
2000-06-01,2000,6,33.86000061035156,34.65484907003627
2000-07-01,2000,7,14.539999961853027,15.206865699100439
2000-08-01,2000,8,10.0600004196167,10.591933501224801
2000-09-01,2000,9,10.130000114440918,10.681703998513031
2000-10-01,2000,10,11.229999542236328,12.030417660458417
2000-11-01,2000,11,12.350000381469727,14.234193607667278
2000-12-01,2000,12,15.810000419616701,24.274579818684593
2001-01-01,2001,1,15.329999923706055,21.993235920452573
2001-02-01,2001,2,22.200000762939453,24.955763945008822
2001-03-01,2001,3,65.1500015258789,71.41118225981968
2001-04-01,2001,4,58.5,60.68949945599478
2001-05-01,2001,5,54.97999954223633,57.154897229239246
2001-06-01,2001,6,11.869999885559082,12.476341720965696
2001-07-01,2001,7,10.569999694824219,10.907427105263515
2001-08-01,2001,8,9.130000114440918,9.419388525028888
2001-09-01,2001,9,8.649999618530273,9.115345875212858
2001-10-01,2001,10,9.0,9.59330998370277
2001-11-01,2001,11,22.549999237060547,29.39510636892427
2001-12-01,2001,12,46.59000015258789,65.60356847474833
2002-01-01,2002,1,83.86000061035156,95.2041472411789
2002-02-01,2002,2,49.9900016784668,54.59862986666981
2002-03-01,2002,3,77.22000122070312,79.76340396621931
2002-04-01,2002,4,108.55999755859375,111.35778973439496
2002-05-01,2002,5,61.9900016784668,62.97230934482577
2002-06-01,2002,6,23.799999237060547,24.549629773614882
2002-07-01,2002,7,10.880000114440918,11.298277550885391
2002-08-01,2002,8,8.779999732971191,9.258203511988745
2002-09-01,2002,9,42.970001220703125,43.77528222822879
2002-10-01,2002,10,47.88999938964844,69.04953621393226
2002-11-01,2002,11,128.13999938964844,218.5306518266073
2002-12-01,2002,12,183.85000610351562,193.66228935944457
2003-01-01,2003,1,152.1999969482422,159.718210361257
2003-02-01,2003,2,80.44000244140625,83.12932677105677
2003-03-01,2003,3,120.52999877929688,122.69113973935269
2003-04-01,2003,4,132.82000732421875,134.6048678493937
2003-05-01,2003,5,183.2100067138672,183.64341903647144
2003-06-01,2003,6,63.470001220703125,63.55352648531817
2003-07-01,2003,7,16.81999969482422,17.539418521985212
2003-08-01,2003,8,12.050000190734863,12.635362664517672
2003-09-01,2003,9,9.970000267028809,10.57816373243521
2003-10-01,2003,10,9.869999885559082,10.44709774475248
2003-11-01,2003,11,12.569999694824219,14.899797501877833
2003-12-01,2003,12,63.91999816894532,76.93194363169225
2004-01-01,2004,1,54.90999984741211,58.917428793822516
2004-02-01,2004,2,134.55999755859375,141.1738260598383
2004-03-01,2004,3,172.10000610351562,179.73711059686207
2004-04-01,2004,4,104.08000183105469,108.14895835797238
2004-05-01,2004,5,65.86000061035156,66.10332571697546
2004-06-01,2004,6,22.25,22.931128971683933
2004-07-01,2004,7,10.579999923706055,10.921386493882892
2004-08-01,2004,8,8.1899995803833,8.605431343368267
2004-09-01,2004,9,8.350000381469727,8.76895922407904
2004-10-01,2004,10,10.140000343322754,11.107870699863517
2004-11-01,2004,11,10.539999961853027,11.766785380033639
2004-12-01,2004,12,19.420000076293945,30.35649459890481
2005-01-01,2005,1,28.190000534057617,33.729275084868895
2005-02-01,2005,2,25.31999969482422,29.38202938756013
2005-03-01,2005,3,107.22000122070312,112.28253296195918
2005-04-01,2005,4,120.12999725341797,121.56069670541358
2005-05-01,2005,5,216.35000610351562,213.30117346703952
2005-06-01,2005,6,69.33000183105469,69.866379317758
2005-07-01,2005,7,24.549999237060547,25.29736409125887
2005-08-01,2005,8,12.970000267028809,13.412493843623901
2005-09-01,2005,9,14.510000228881836,14.776366460979457
2005-10-01,2005,10,17.15999984741211,18.538531529861483
2005-11-01,2005,11,26.3700008392334,32.634865449926444
2005-12-01,2005,12,272.70001220703125,290.84884722061446
2006-01-01,2006,1,250.1199951171875,258.7158084117248
2006-02-01,2006,2,171.27000427246094,178.6217701355036
2006-03-01,2006,3,264.25,270.46319619184106
2006-04-01,2006,4,410.20001220703125,426.5545170066096
2006-05-01,2006,5,327.1700134277344,320.0237858763064
2006-06-01,2006,6,105.95999908447266,106.8951247440605
2006-07-01,2006,7,27.8700008392334,28.33860839280662
2006-08-01,2006,8,7.510000228881836,7.825394765541086
2006-09-01,2006,9,7.80999994277954,8.184211745908764
2006-10-01,2006,10,8.010000228881836,8.440482875995992
2006-11-01,2006,11,11.369999885559082,12.956502241676022
2006-12-01,2006,12,29.989999771118164,47.95680313256188
2007-01-01,2007,1,20.790000915527344,26.264662257119987
2007-02-01,2007,2,61.2400016784668,74.75187971977545
2007-03-01,2007,3,69.88999938964844,73.90288024075396
2007-04-01,2007,4,48.630001068115234,49.028211708342106
2007-05-01,2007,5,34.310001373291016,35.044029586936574
2007-06-01,2007,6,11.8100004196167,12.401650409961016
2007-07-01,2007,7,10.140000343322754,10.479119957129223
2007-08-01,2007,8,7.889999866485597,8.227774261369431
2007-09-01,2007,9,7.389999866485596,7.905942144639813
2007-10-01,2007,10,10.430000305175781,11.292634606912616
2007-11-01,2007,11,9.640000343322754,10.633721682164248
2007-12-01,2007,12,11.8100004196167,16.376232241063946
2008-01-01,2008,1,24.15999984741211,27.6571494781994
2008-02-01,2008,2,24.469999313354492,27.792553527281964
2008-03-01,2008,3,66.4000015258789,71.68746049549313
2008-04-01,2008,4,60.279998779296875,62.232327070970776
2008-05-01,2008,5,76.2699966430664,77.13775436740279
2008-06-01,2008,6,19.059999465942383,19.634909618299787
2008-07-01,2008,7,9.65999984741211,10.002435021585045
2008-08-01,2008,8,7.079999923706055,7.435390952259408
2008-09-01,2008,9,6.809999942779541,7.104984016249027
2008-10-01,2008,10,8.130000114440918,8.559205590148288
2008-11-01,2008,11,17.040000915527344,23.60565662591037
2008-12-01,2008,12,11.800000190734863,16.335243726518172
2009-01-01,2009,1,23.81999969482422,27.642213906172998
2009-02-01,2009,2,70.11000061035156,73.60798051425708
2009-03-01,2009,3,142.05999755859375,148.55020368277243
2009-04-01,2009,4,78.43000030517578,80.69830259816005
2009-05-01,2009,5,126.29000091552734,126.17256033440529
2009-06-01,2009,6,25.829999923706055,26.699913811255044
2009-07-01,2009,7,10.220000267028809,10.555120198903573
2009-08-01,2009,8,8.319999694824219,8.7365526686009
2009-09-01,2009,9,7.760000228881837,8.17620668419561
2009-10-01,2009,10,10.760000228881836,11.542703489159527
2009-11-01,2009,11,9.600000381469727,10.72764339738341
2009-12-01,2009,12,13.550000190734863,19.666613411358615
2010-01-01,2010,1,36.97999954223633,42.38321384527
2010-02-01,2010,2,39.20000076293945,41.33169300376596
2010-03-01,2010,3,68.69000244140625,73.47163863620983
2010-04-01,2010,4,112.0,114.70692170780525
2010-05-01,2010,5,140.6300048828125,138.98364622496567
2010-06-01,2010,6,111.66000366210938,112.87158634484639
2010-07-01,2010,7,22.1200008392334,22.78346399917233
2010-08-01,2010,8,9.949999809265137,10.460450017316239
2010-09-01,2010,9,8.930000305175781,9.369916868710058
2010-10-01,2010,10,10.59000015258789,11.369355283864024
2010-11-01,2010,11,19.889999389648438,26.921349680217563
2010-12-01,2010,12,156.75,164.39533429573734
2011-01-01,2011,1,64.0,68.62336710364015
2011-02-01,2011,2,54.189998626708984,61.82916428667028
2011-03-01,2011,3,234.55999755859375,241.36099490565474
2011-04-01,2011,4,269.0400085449219,279.5570823226342
2011-05-01,2011,5,214.91000366210938,210.8695235557383
2011-06-01,2011,6,197.74000549316406,194.23960237350477
2011-07-01,2011,7,63.90999984741211,64.10433556217
2011-08-01,2011,8,18.420000076293945,18.53809303796584
2011-09-01,2011,9,10.510000228881836,10.959643480648452
2011-10-01,2011,10,12.789999961853027,14.688923604962739
2011-11-01,2011,11,14.430000305175781,17.337632236452258
2011-12-01,2011,12,11.510000228881836,14.355876020152914
2012-01-01,2012,1,27.719999313354492,32.502801169878495
2012-02-01,2012,2,20.860000610351562,23.543956328731028
2012-03-01,2012,3,121.97000122070312,123.63974466843042
2012-04-01,2012,4,137.97000122070312,140.25607891449968
2012-05-01,2012,5,79.80000305175781,80.65137570894102
2012-06-01,2012,6,23.829999923706055,24.581273918013814
2012-07-01,2012,7,11.84000015258789,12.388594233481323
2012-08-01,2012,8,9.640000343322754,10.10137979128998
2012-09-01,2012,9,8.109999656677246,8.448393750998733
2012-10-01,2012,10,9.09000015258789,9.64740770157436
2012-11-01,2012,11,45.5099983215332,67.61239610895883
2012-12-01,2012,12,164.3800048828125,172.63721318270916
2013-01-01,2013,1,45.31999969482422,49.340280587728
2013-02-01,2013,2,44.68000030517578,48.30038225601753
2013-03-01,2013,3,76.5199966430664,79.3077839917451
2013-04-01,2013,4,66.79000091552734,68.03979880606548
2013-05-01,2013,5,26.8799991607666,27.673929279093127
2013-06-01,2013,6,12.170000076293945,12.805193067630963
2013-07-01,2013,7,9.430000305175781,9.778913658420636
2013-08-01,2013,8,8.430000305175781,8.865677124368466
2013-09-01,2013,9,5.710000038146973,6.041901952973186
2013-10-01,2013,10,12.970000267028809,14.905839002748934
2013-11-01,2013,11,9.90999984741211,11.004523644597256
2013-12-01,2013,12,10.010000228881836,11.597191476285717
2014-01-01,2014,1,11.329999923706055,17.253077711096246
2014-02-01,2014,2,41.810001373291016,44.632637562797996
2014-03-01,2014,3,73.4000015258789,77.23286117944374
2014-04-01,2014,4,49.5,50.068656480946
2014-05-01,2014,5,20.25,21.081610161831424
2014-06-01,2014,6,9.289999961853027,9.75597556852437
2014-07-01,2014,7,9.380000114440918,9.779436802321854
2014-08-01,2014,8,8.75,9.26675310368229
2014-09-01,2014,9,7.730000019073486,8.188821749660889
2014-10-01,2014,10,9.109999656677246,9.65643364258901
2014-11-01,2014,11,11.079999923706055,12.552367885456478
2014-12-01,2014,12,81.6500015258789,99.9184816515511
2015-01-01,2015,1,29.329999923706055,35.947595133853845
2015-02-01,2015,2,84.7699966430664,88.15730128090779
2015-03-01,2015,3,25.530000686645508,28.99709661123117
2015-04-01,2015,4,17.709999084472656,18.903427003709925
2015-05-01,2015,5,12.699999809265137,13.230823341280493
2015-06-01,2015,6,14.329999923706055,14.89927470511098
2015-07-01,2015,7,8.880000114440918,9.42083399635605
2015-08-01,2015,8,6.599999904632568,7.029447004349444
2015-09-01,2015,9,6.460000038146973,6.75861187815869
2015-10-01,2015,10,8.220000267028809,8.64954928433567
2015-11-01,2015,11,6.0,6.101443179455016
2015-12-01,2015,12,30.190000534057617,48.24737340673495
2016-01-01,2016,1,107.83000183105469,117.22209004947068
2016-02-01,2016,2,80.55000305175781,83.18975568476283
2016-03-01,2016,3,279.82000732421875,289.3576723232678
2016-04-01,2016,4,98.02999877929688,100.8424298656072
2016-05-01,2016,5,56.900001525878906,59.348737298537856
2016-06-01,2016,6,21.549999237060547,22.20703104002605
2016-07-01,2016,7,9.40999984741211,9.776347946059186
2016-08-01,2016,8,8.0,8.407915893879903
2016-09-01,2016,9,7.269999980926514,7.694905441987845
2016-10-01,2016,10,21.25,22.154751966558635
2016-11-01,2016,11,25.760000228881836,32.0441203858789
2016-12-01,2016,12,130.72000122070312,140.27703175355762
2017-01-01,2017,1,304.510009765625,312.69308878649065
2017-02-01,2017,2,605.02001953125,609.2790943318322
2017-03-01,2017,3,266.0400085449219,273.0598411385225
2017-04-01,2017,4,349.0899963378906,362.2083104931347
2017-05-01,2017,5,219.13999938964844,217.7445147548827
2017-06-01,2017,6,74.12999725341797,74.79724082363457
2017-07-01,2017,7,24.700000762939453,25.336358922764333
2017-08-01,2017,8,11.0600004196167,11.554948390054859
2017-09-01,2017,9,9.489999771118164,10.026464169381857
2017-10-01,2017,10,9.199999809265137,9.725875884061743
2017-11-01,2017,11,52.52000045776367,68.63307050399729
2017-12-01,2017,12,22.90999984741211,33.932811637508046
2018-01-01,2018,1,51.709999084472656,56.815818722710866
2018-02-01,2018,2,28.329999923706055,32.56061490219048
2018-03-01,2018,3,180.75,188.4578081976592
2018-04-01,2018,4,163.9499969482422,165.87071002897954
2018-05-01,2018,5,47.0099983215332,48.341984056156484
2018-06-01,2018,6,20.299999237060547,20.91773557735381
2018-07-01,2018,7,10.65999984741211,11.012152311545883
2018-08-01,2018,8,7.78000020980835,8.085644450101029
2018-09-01,2018,9,5.820000171661377,6.1420313135893245
2018-10-01,2018,10,8.600000381469727,9.113252002108887
2018-11-01,2018,11,13.539999961853027,16.022959608029854
2018-12-01,2018,12,14.789999961853027,21.988849224076368
2019-01-01,2019,1,79.69999694824219,89.60102360335858
2019-02-01,2019,2,151.67999267578125,161.0003323843659
2019-03-01,2019,3,243.38999938964844,249.91554713272305
2019-04-01,2019,4,289.2200012207031,298.9634732962066
2019-05-01,2019,5,184.30999755859375,184.26274085461168
2019-06-01,2019,6,76.9800033569336,77.72960354955035
2019-07-01,2019,7,32.06999969482422,32.41756116876382
2019-08-01,2019,8,10.079999923706055,10.616134279842704
2019-09-01,2019,9,8.260000228881836,8.624326470872314
2019-10-01,2019,10,10.100000381469727,10.965820407746309
2019-11-01,2019,11,9.4399995803833,10.860876825722245
2019-12-01,2019,12,28.649999618530273,43.93151038815937
2020-01-01,2020,1,33.04999923706055,40.010407799157676
2020-02-01,2020,2,26.68000030517578,31.117662635106033
2020-03-01,2020,3,31.899999618530277,34.811735453371064
2020-04-01,2020,4,78.08000183105469,80.13507979525814
2020-05-01,2020,5,57.4900016784668,60.05439279327992
2020-06-01,2020,6,18.600000381469727,19.157363302375416
2020-07-01,2020,7,10.59000015258789,10.93468943060735
2020-08-01,2020,8,8.789999961853027,9.256998869011577
2020-09-01,2020,9,7.110000133514404,7.479282071737136
2020-10-01,2020,10,7.630000114440918,8.072967541962528
2020-11-01,2020,11,5.690000057220459,5.693958801288246
2020-12-01,2020,12,5.809999942779541,5.872272521386893
2021-01-01,2021,1,6.480000019073486,6.974201879155228
2021-02-01,2021,2,6.639999866485596,7.95322803604934
2021-03-01,2021,3,11.140000343322754,14.502264661102265
2021-04-01,2021,4,28.110000610351562,31.168009377782333
2021-05-01,2021,5,22.829999923706055,23.72447425751672
2021-06-01,2021,6,10.010000228881836,10.501212423954032
2021-07-01,2021,7,8.140000343322754,8.631265962998647
2021-08-01,2021,8,8.119999885559082,8.536899634265508
2021-09-01,2021,9,7.119999885559082,7.491671136915668
